{"loss": [1.4422773122787476, 0.45818138122558594, 0.2700226306915283, 0.1853739619255066, 0.1384708732366562, 0.10845588892698288, 0.09456896036863327, 0.07212113589048386, 0.0674227923154831, 0.05752367898821831, 0.05105232447385788, 0.04575793072581291, 0.045072127133607864, 0.03568532317876816, 0.0358508862555027, 0.033991217613220215, 0.03171081095933914, 0.029641548171639442, 0.03171573579311371, 0.02888120710849762], "accuracy": [0.5764706134796143, 0.8551390767097473, 0.9130521416664124, 0.9389999508857727, 0.9555160403251648, 0.9643787145614624, 0.969144344329834, 0.9764421582221985, 0.9783768653869629, 0.981492280960083, 0.9840813875198364, 0.9854470491409302, 0.9853901267051697, 0.9887474179267883, 0.9887047410011292, 0.989131510257721, 0.9904687404632568, 0.990511417388916, 0.9902269244194031, 0.9912938475608826], "val_loss": [0.4819334149360657, 0.30144956707954407, 0.25108885765075684, 0.1923929750919342, 0.19153864681720734, 0.13780423998832703, 0.13658547401428223, 0.12676309049129486, 0.14455744624137878, 0.13068638741970062, 0.131178617477417, 0.14348821341991425, 0.09322021156549454, 0.15842923521995544, 0.10538424551486969, 0.08308649808168411, 0.13540421426296234, 0.08729817718267441, 0.08792188763618469, 0.09061650931835175], "val_accuracy": [0.8487935066223145, 0.9006373882293701, 0.9180514216423035, 0.9374573230743408, 0.9382540583610535, 0.9558388590812683, 0.9565786719322205, 0.9613020420074463, 0.9554404616355896, 0.9588549733161926, 0.9612451791763306, 0.9604484438896179, 0.9733098149299622, 0.9591395258903503, 0.9694400429725647, 0.9762690663337708, 0.9629524350166321, 0.9754154086112976, 0.9745618104934692, 0.9746187329292297]}